{
  "": {
    "sm ap kl/": 1593109062.4429352,
    "sm ap kl/requirements.txt": 1593109062.5095947,
    "sm ap kl/test.csv": 1593109062.5660508,
    "sm ap kl/model-binary": 1593109062.6086297,
    "sm ap kl/r2.kpi": 1593109062.6557755,
    "sm ap kl/my_utils.py": 1593109062.712992,
    "sm ap kl/train.csv": 1593109062.765824,
    "sm ap kl/train.ipynb": 1593109062.816311,
    "sm ap kl/test.ipynb": 1593109062.877972
  }
}