{
  "": {
    "bp/": 1557950927.7404234,
    "bp/requirements.txt": 1557950927.7695174,
    "bp/my_utils.py": 1557950927.8139865,
    "bp/train.ipynb": 1557950927.847845,
    "bp/test.ipynb": 1557950927.87591
  }
}